[
    {
        "name": "id",
        "dbType": "integer,true,true",
        "htmlType": null,
        "validations": null,
        "searchable": false,
        "fillable": false,
        "primary": true,
        "inForm": false,
        "inIndex": false,
        "inView": false
    },
    {
        "name": "nik",
        "dbType": "string,32",
        "htmlType": "text",
        "validations": "required|string|max:32|string|max:32",
        "searchable": true,
        "fillable": true,
        "primary": false,
        "inForm": true,
        "inIndex": true,
        "inView": true
    },
    {
        "name": "pass",
        "dbType": "string,255",
        "htmlType": "text",
        "validations": "required|string|max:255|string|max:255",
        "searchable": true,
        "fillable": true,
        "primary": false,
        "inForm": true,
        "inIndex": true,
        "inView": true
    },
    {
        "name": "name",
        "dbType": "string,64",
        "htmlType": "text",
        "validations": "required|string|max:64|string|max:64",
        "searchable": true,
        "fillable": true,
        "primary": false,
        "inForm": true,
        "inIndex": true,
        "inView": true
    },
    {
        "name": "domain",
        "dbType": "string,128",
        "htmlType": "text",
        "validations": "required|string|max:128|string|max:128",
        "searchable": true,
        "fillable": true,
        "primary": false,
        "inForm": true,
        "inIndex": true,
        "inView": true
    },
    {
        "name": "phone",
        "dbType": "string,32",
        "htmlType": "text",
        "validations": "required|string|max:32|string|max:32",
        "searchable": true,
        "fillable": true,
        "primary": false,
        "inForm": true,
        "inIndex": true,
        "inView": true
    },
    {
        "name": "email",
        "dbType": "string,128",
        "htmlType": "text",
        "validations": "required|string|max:128|string|max:128",
        "searchable": true,
        "fillable": true,
        "primary": false,
        "inForm": true,
        "inIndex": true,
        "inView": true
    },
    {
        "name": "gender",
        "dbType": "string",
        "htmlType": "text",
        "validations": "required|string|string",
        "searchable": true,
        "fillable": true,
        "primary": false,
        "inForm": true,
        "inIndex": true,
        "inView": true
    },
    {
        "name": "region",
        "dbType": "string",
        "htmlType": "text",
        "validations": "required|string|string",
        "searchable": true,
        "fillable": true,
        "primary": false,
        "inForm": true,
        "inIndex": true,
        "inView": true
    },
    {
        "name": "imei",
        "dbType": "string,32:nullable",
        "htmlType": "text",
        "validations": "nullable|string|max:32|nullable|string|max:32",
        "searchable": true,
        "fillable": true,
        "primary": false,
        "inForm": true,
        "inIndex": true,
        "inView": true
    },
    {
        "name": "id_organization",
        "dbType": "integer,false,true",
        "htmlType": null,
        "validations": "required|integer|integer",
        "searchable": true,
        "fillable": true,
        "primary": false,
        "inForm": true,
        "inIndex": true,
        "inView": true
    },
    {
        "name": "id_approv",
        "dbType": "integer,false,true",
        "htmlType": null,
        "validations": "nullable|integer|nullable|integer",
        "searchable": true,
        "fillable": true,
        "primary": false,
        "inForm": true,
        "inIndex": true,
        "inView": true
    },
    {
        "name": "id_employee_approv_permission1",
        "dbType": "integer,false,true",
        "htmlType": null,
        "validations": "nullable|integer|nullable|integer",
        "searchable": true,
        "fillable": true,
        "primary": false,
        "inForm": true,
        "inIndex": true,
        "inView": true
    },
    {
        "name": "id_employee_approv_permission2",
        "dbType": "integer,false,true",
        "htmlType": null,
        "validations": "nullable|integer|nullable|integer",
        "searchable": true,
        "fillable": true,
        "primary": false,
        "inForm": true,
        "inIndex": true,
        "inView": true
    },
    {
        "name": "id_master_schema",
        "dbType": "integer,false,true",
        "htmlType": null,
        "validations": "nullable|integer|nullable|integer",
        "searchable": true,
        "fillable": true,
        "primary": false,
        "inForm": true,
        "inIndex": true,
        "inView": true
    },
    {
        "name": "avatar",
        "dbType": "string,100:nullable",
        "htmlType": "text",
        "validations": "nullable|string|max:100|nullable|string|max:100",
        "searchable": true,
        "fillable": true,
        "primary": false,
        "inForm": true,
        "inIndex": true,
        "inView": true
    },
    {
        "name": "created_at",
        "dbType": "datetime",
        "htmlType": "date",
        "validations": null,
        "searchable": false,
        "fillable": false,
        "primary": false,
        "inForm": false,
        "inIndex": false,
        "inView": false
    },
    {
        "name": "updated_at",
        "dbType": "datetime:nullable",
        "htmlType": "date",
        "validations": null,
        "searchable": false,
        "fillable": false,
        "primary": false,
        "inForm": false,
        "inIndex": false,
        "inView": false
    },
    {
        "name": "deleted_at",
        "dbType": "datetime:nullable",
        "htmlType": "date",
        "validations": null,
        "searchable": false,
        "fillable": false,
        "primary": false,
        "inForm": false,
        "inIndex": false,
        "inView": false
    }
]